kajabi_course_id,course_key,image_filename
2148087502,course-v1:MEREKA+MEKA-2148087502+RUN-2148087502,2148087502.png
2147940642,course-v1:MEREKA+MEKA-2147940642+RUN-2147940642,2147940642.jpg
2147807951,course-v1:MEREKA+MEKA-2147807951+RUN-2147807951,2147807951.jpg
2148181267,course-v1:MEREKA+MEKA-2148181267+RUN-2148181267,2148181267.jpg
2147950554,course-v1:MEREKA+MEKA-2147950554+RUN-2147950554,2147950554.jpg
2148165749,course-v1:MEREKA+MEKA-2148165749+RUN-2148165749,2148165749.jpg
2148534690,course-v1:MEREKA+MEKA-2148534690+RUN-2148534690,2148534690.jpg
2148534593,course-v1:MEREKA+MEKA-2148534593+RUN-2148534593,2148534593.jpg
2147809081,course-v1:MEREKA+MEKA-2147809081+RUN-2147809081,2147809081.jpg
2148651881,course-v1:MEREKA+MEKA-2148651881+RUN-2148651881,2148651881.png
2147808958,course-v1:MEREKA+MEKA-2147808958+RUN-2147808958,2147808958.jpg
2147933335,course-v1:MEREKA+MEKA-2147933335+RUN-2147933335,2147933335.jpg
2147934068,course-v1:MEREKA+MEKA-2147934068+RUN-2147934068,2147934068.jpg
2149164179,course-v1:MEREKA+MEKA-2149164179+RUN-2149164179,2149164179.png
2149223867,course-v1:MEREKA+MEKA-2149223867+RUN-2149223867,2149223867.png
2149165828,course-v1:MEREKA+MEKA-2149165828+RUN-2149165828,2149165828.png
2148896997,course-v1:MEREKA+MEKA-2148896997+RUN-2148896997,2148896997.jpg
2149223856,course-v1:MEREKA+MEKA-2149223856+RUN-2149223856,2149223856.png
2148651879,course-v1:MEREKA+MEKA-2148651879+RUN-2148651879,2148651879.png
2149199805,course-v1:MEREKA+MEKA-2149199805+RUN-2149199805,2149199805.png
2149199919,course-v1:MEREKA+MEKA-2149199919+RUN-2149199919,2149199919.png
2148258227,course-v1:MEREKA+MEKA-2148258227+RUN-2148258227,2148258227.jpg
2148674574,course-v1:MEREKA+MEKA-2148674574+RUN-2148674574,2148674574.png
2148534676,course-v1:MEREKA+MEKA-2148534676+RUN-2148534676,2148534676.jpg
2148674587,course-v1:MEREKA+MEKA-2148674587+RUN-2148674587,2148674587.png
2148258261,course-v1:MEREKA+MEKA-2148258261+RUN-2148258261,2148258261.jpg
2148864407,course-v1:MEREKA+MEKA-2148864407+RUN-2148864407,2148864407.webp
2148256173,course-v1:MEREKA+MEKA-2148256173+RUN-2148256173,2148256173.jpg
2148257968,course-v1:MEREKA+MEKA-2148257968+RUN-2148257968,2148257968.png
2148258263,course-v1:MEREKA+MEKA-2148258263+RUN-2148258263,2148258263.jpg
2148813914,course-v1:MEREKA+MEKA-2148813914+RUN-2148813914,2148813914.png
2148836599,course-v1:MEREKA+MEKA-2148836599+RUN-2148836599,2148836599.jpg
2148836601,course-v1:MEREKA+MEKA-2148836601+RUN-2148836601,2148836601.jpg
2148915436,course-v1:MEREKA+MEKA-2148915436+RUN-2148915436,2148915436.jpg
2149146250,course-v1:MEREKA+MEKA-2149146250+RUN-2149146250,2149146250.jpg
2149201392,course-v1:MEREKA+MEKA-2149201392+RUN-2149201392,2149201392.png
2149208587,course-v1:MEREKA+MEKA-2149208587+RUN-2149208587,2149208587.png
2149223809,course-v1:MEREKA+MEKA-2149223809+RUN-2149223809,2149223809.png
2149103206,course-v1:MEREKA+MEKA-2149103206+RUN-2149103206,2149103206.png
2148897197,course-v1:MEREKA+MEKA-2148897197+RUN-2148897197,2148897197.jpg
2148897084,course-v1:MEREKA+MEKA-2148897084+RUN-2148897084,2148897084.jpg
2147950555,course-v1:MEREKA+MEKA-2147950555+RUN-2147950555,2147950555.jpg
2148534536,course-v1:MEREKA+MEKA-2148534536+RUN-2148534536,2148534536.jpg
2148864394,course-v1:MEREKA+MEKA-2148864394+RUN-2148864394,2148864394.webp
2148258216,course-v1:MEREKA+MEKA-2148258216+RUN-2148258216,2148258216.jpg
2148864393,course-v1:MEREKA+MEKA-2148864393+RUN-2148864393,2148864393.webp
2148912903,course-v1:MEREKA+MEKA-2148912903+RUN-2148912903,2148912903.jpg
2148181263,course-v1:MEREKA+MEKA-2148181263+RUN-2148181263,2148181263.jpg
2148915531,course-v1:MEREKA+MEKA-2148915531+RUN-2148915531,2148915531.jpg
2148816520,course-v1:MEREKA+MEKA-2148816520+RUN-2148816520,2148816520.jpg
2148915431,course-v1:MEREKA+MEKA-2148915431+RUN-2148915431,2148915431.jpg
2148915513,course-v1:MEREKA+MEKA-2148915513+RUN-2148915513,2148915513.jpg
2148836597,course-v1:MEREKA+MEKA-2148836597+RUN-2148836597,2148836597.jpg
2148836598,course-v1:MEREKA+MEKA-2148836598+RUN-2148836598,2148836598.jpg
2148580657,course-v1:MEREKA+MEKA-2148580657+RUN-2148580657,2148580657.jpg
2148534651,course-v1:MEREKA+MEKA-2148534651+RUN-2148534651,2148534651.jpg
2149172014,course-v1:MEREKA+MEKA-2149172014+RUN-2149172014,2149172014.png
2149165810,course-v1:MEREKA+MEKA-2149165810+RUN-2149165810,2149165810.png
2148897183,course-v1:MEREKA+MEKA-2148897183+RUN-2148897183,2148897183.jpg
2148181261,course-v1:MEREKA+MEKA-2148181261+RUN-2148181261,2148181261.jpg
2148877651,course-v1:MEREKA+MEKA-2148877651+RUN-2148877651,2148877651.png
2149165852,course-v1:MEREKA+MEKA-2149165852+RUN-2149165852,2149165852.png
2149164094,course-v1:MEREKA+MEKA-2149164094+RUN-2149164094,2149164094.png
2148915512,course-v1:MEREKA+MEKA-2148915512+RUN-2148915512,2148915512.jpg
2149223769,course-v1:MEREKA+MEKA-2149223769+RUN-2149223769,2149223769.png
2148813780,course-v1:MEREKA+MEKA-2148813780+RUN-2148813780,2148813780.png
2148878635,course-v1:MEREKA+MEKA-2148878635+RUN-2148878635,2148878635.webp
2148816519,course-v1:MEREKA+MEKA-2148816519+RUN-2148816519,2148816519.jpg
2148258205,course-v1:MEREKA+MEKA-2148258205+RUN-2148258205,2148258205.jpg
2148836596,course-v1:MEREKA+MEKA-2148836596+RUN-2148836596,2148836596.jpg
2148864395,course-v1:MEREKA+MEKA-2148864395+RUN-2148864395,2148864395.webp
2148897174,course-v1:MEREKA+MEKA-2148897174+RUN-2148897174,2148897174.jpg
2148897203,course-v1:MEREKA+MEKA-2148897203+RUN-2148897203,2148897203.jpg
2148875088,course-v1:MEREKA+MEKA-2148875088+RUN-2148875088,2148875088.png
2148897104,course-v1:MEREKA+MEKA-2148897104+RUN-2148897104,2148897104.jpg
2149208617,course-v1:MEREKA+MEKA-2149208617+RUN-2149208617,2149208617.png
2148158732,course-v1:MEREKA+MEKA-2148158732+RUN-2148158732,2148158732.png
2148169302,course-v1:MEREKA+MEKA-2148169302+RUN-2148169302,2148169302.jpg
2148185632,course-v1:MEREKA+MEKA-2148185632+RUN-2148185632,2148185632.jpg
2148257973,course-v1:MEREKA+MEKA-2148257973+RUN-2148257973,2148257973.jpg
2148257982,course-v1:MEREKA+MEKA-2148257982+RUN-2148257982,2148257982.jpg
2148258206,course-v1:MEREKA+MEKA-2148258206+RUN-2148258206,2148258206.jpg
2148653228,course-v1:MEREKA+MEKA-2148653228+RUN-2148653228,2148653228.jpg
2148836592,course-v1:MEREKA+MEKA-2148836592+RUN-2148836592,2148836592.jpg
2148839291,course-v1:MEREKA+MEKA-2148839291+RUN-2148839291,2148839291.png
2149201423,course-v1:MEREKA+MEKA-2149201423+RUN-2149201423,2149201423.png
2148653222,course-v1:MEREKA+MEKA-2148653222+RUN-2148653222,2148653222.jpg
2148365876,course-v1:MEREKA+MEKA-2148365876+RUN-2148365876,2148365876.jpg
2149223835,course-v1:MEREKA+MEKA-2149223835+RUN-2149223835,2149223835.png
2148915515,course-v1:MEREKA+MEKA-2148915515+RUN-2148915515,2148915515.jpg
2149234138,course-v1:MEREKA+MEKA-2149234138+RUN-2149234138,2149234138.png
2148653205,course-v1:MEREKA+MEKA-2148653205+RUN-2148653205,2148653205.jpg
2148651878,course-v1:MEREKA+MEKA-2148651878+RUN-2148651878,2148651878.png
2149202863,course-v1:MEREKA+MEKA-2149202863+RUN-2149202863,2149202863.png
2149192671,course-v1:MEREKA+MEKA-2149192671+RUN-2149192671,2149192671.png
2148651877,course-v1:MEREKA+MEKA-2148651877+RUN-2148651877,2148651877.png
2149223770,course-v1:MEREKA+MEKA-2149223770+RUN-2149223770,2149223770.png
2147807941,course-v1:MEREKA+MEKA-2147807941+RUN-2147807941,2147807941.png
2149245377,course-v1:MEREKA+MEKA-2149245377+RUN-2149245377,2149245377.jpg
2148894547,course-v1:MEREKA+MEKA-2148894547+RUN-2148894547,2148894547.jpg
2148897140,course-v1:MEREKA+MEKA-2148897140+RUN-2148897140,2148897140.jpg
2148897037,course-v1:MEREKA+MEKA-2148897037+RUN-2148897037,2148897037.jpg
2148340591,course-v1:MEREKA+MEKA-2148340591+RUN-2148340591,2148340591.png
2148861785,course-v1:MEREKA+MEKA-2148861785+RUN-2148861785,2148861785.webp
2148864397,course-v1:MEREKA+MEKA-2148864397+RUN-2148864397,2148864397.webp
2148864416,course-v1:MEREKA+MEKA-2148864416+RUN-2148864416,2148864416.webp
2148165761,course-v1:MEREKA+MEKA-2148165761+RUN-2148165761,2148165761.jpg
2148348806,course-v1:MEREKA+MEKA-2148348806+RUN-2148348806,2148348806.jpg
2148181265,course-v1:MEREKA+MEKA-2148181265+RUN-2148181265,2148181265.jpg
